data_rate,distance_m,antenna,seed,rxBytes,throughput_bps,dl_throughput
5Mbps,100,isotropic,1,11249664,4.99985e+06,5075832.98630137
10Mbps,100,isotropic,1,22499328,9.9997e+06,10151665.97260274
20Mbps,100,isotropic,1,44999680,1.99999e+07,20303793.97260274
30Mbps,100,isotropic,1,67499008,2.99996e+07,30455459.94520548
50Mbps,100,isotropic,1,76718080,3.40969e+07,50759715.94520548
75Mbps,100,isotropic,1,76718080,3.40969e+07,76139342.90410958
100Mbps,100,isotropic,1,76718080,3.40969e+07,101519431.89041096
