rate_mbps,rts,seed,flow1,flow2,aggr

1Mbps,0,1,129756,118791,248548
1Mbps,0,2,149860,142549,292409
1Mbps,2200,1,151687,160825,312512
1Mbps,2200,2,160825,169963,330788
5.5Mbps,0,1,512629,529991,1.04262e+06
5.5Mbps,0,2,509888,518112,1.028e+06
5.5Mbps,2200,1,626852,663403,1.29025e+06
5.5Mbps,2200,2,691730,647868,1.3396e+06
11Mbps,0,1,705436,740160,1.4456e+06
11Mbps,0,2,763004,740160,1.50316e+06
11Mbps,2200,1,941191,913778,1.85497e+06
11Mbps,2200,2,926571,974087,1.90066e+06