rate_mbps,seed,flow1,flow2,aggr,rts

1Mbps,1,129756,118791,248548,0
1Mbps,2,149860,142549,292409,0
5.5Mbps,1,487044,536388,1.02343e+06,0
5.5Mbps,2,508974,523595,1.03257e+06,0
11Mbps,1,679851,728281,1.40813e+06,0
11Mbps,2,752953,752039,1.50499e+06,0

1Mbps,1,151687,160825,312512,2200
1Mbps,2,160825,169963,330788,2200
5.5Mbps,1,643300,659748,1.30305e+06,2200
5.5Mbps,2,720057,627765,1.34782e+06,2200
11Mbps,1,901899,981397,1.8833e+06,2200
11Mbps,2,980484,893675,1.87416e+06,2200

