rate_mbps,rts,seed,flow1,flow2,aggr

1Mbps,0,1,112395,278702,391097
1Mbps,0,2,144377,261340,405717
1Mbps,2200,1,0,422165,422165
1Mbps,2200,2,105998,158084,264082
5.5Mbps,0,1,778539,683506,1.46204e+06
5.5Mbps,0,2,749298,704523,1.45382e+06
5.5Mbps,2200,1,675282,574766,1.25005e+06
5.5Mbps,2200,2,590300,638731,1.22903e+06
11Mbps,0,1,859865,1.18334e+06,2.04321e+06
11Mbps,0,2,1.17786e+06,866261,2.04412e+06
11Mbps,2200,1,1.20527e+06,1.01978e+06,2.22505e+06
11Mbps,2200,2,958553,1.25462e+06,2.21317e+06