rate_mbps,seed1_bps,seed2_bps,avg_bps

1Mbps,424907,423079,424450
5.5Mbps,1.77821e+06,1.77182e+06,1775015
11Mbps,2.71849e+06,2.72945e+06,2723970