rate_mbps,seed,payload,throughput

1Mbps,1,400,372455
1Mbps,2,400,367509
1Mbps,1,700,407033
1Mbps,2,700,403150
1Mbps,1,1000,423993
1Mbps,2,1000,423079
5.5Mbps,1,400,1.2159e+06
5.5Mbps,2,400,1.21894e+06
5.5Mbps,1,700,1.56277e+06
5.5Mbps,2,700,1.5576e+06
5.5Mbps,1,1000,1.78095e+06
5.5Mbps,2,1000,1.77182e+06
11Mbps,1,400,1.61575e+06
11Mbps,2,400,1.61613e+06
11Mbps,1,700,2.26165e+06
11Mbps,2,700,2.26942e+06
11Mbps,1,1000,2.71118e+06
11Mbps,2,1000,2.72945e+06