rate_mbps,seed,payload,throughput

1Mbps,1,400,371694
1Mbps,2,400,366748
1Mbps,1,700,407033
1Mbps,2,700,402503
1Mbps,1,1000,424907
1Mbps,2,1000,423079
5.5Mbps,1,400,1.21552e+06
5.5Mbps,2,400,1.22237e+06
5.5Mbps,1,700,1.5576e+06
5.5Mbps,2,700,1.56277e+06
5.5Mbps,1,1000,1.7773e+06
5.5Mbps,2,1000,1.77913e+06
11Mbps,1,400,1.6245e+06
11Mbps,2,400,1.61651e+06
11Mbps,1,700,2.26683e+06
11Mbps,2,700,2.26683e+06
11Mbps,1,1000,2.71118e+06
11Mbps,2,1000,2.72489e+06