rate_mbps,seed,flow1,flow2,aggr
1Mbps,1,437700,420338,858037
1Mbps,2,431303,416683,847986
5.5Mbps,1,1.8303e+06,1.7508e+06,3.5811e+06
5.5Mbps,2,1.8175e+06,1.74714e+06,3.56465e+06
11Mbps,1,2.79616e+06,2.68468e+06,5.48084e+06
11Mbps,2,2.75778e+06,2.68742e+06,5.4452e+06