rate_mbps,seed,flow1,flow2,aggr
1Mbps,1,151687,160825,312512
1Mbps,2,160825,169963,330788
5.5Mbps,1,643300,659748,1.30305e+06
5.5Mbps,2,720057,627765,1.34782e+06
11Mbps,1,901899,981397,1.8833e+06
11Mbps,2,980484,893675,1.87416e+06