rts,throughput_f0,throughput_f1,pdr_f0,pdr_f1
OFF,0.229,0.153,0.22954,0.15302
ON,0.405,0.419,0.40569,0.41904